"card_id","img","nationality","event","league","team","weight","height","salary","overall","passing","agility","speed","aggression","glove_high","glove_low","five_hole","stick_high","stick_low","shot_recovery","positioning","breakaway","vision","poke_check","rebound_control","player_id"
"374d6fc1-8d5b-4ec5-ac22-458a05dd6433","374d6fc1-8d5b-4ec5-ac22-458a05dd6433.jpg","Sweden","ICON","NHLAA","NYR",81.5,185,7,86,77,84,85,79,87,87,86,86,86,88,85,87,85,83,88,113
"ee36d121-0159-4a91-873d-cb4b12f66990","ee36d121-0159-4a91-873d-cb4b12f66990.jpg","Canada","HH","NHLAA","ANA",91.5,185,5,84,80,85,86,80,82,84,84,82,85,81,87,86,86,84,87,139
"67cc468e-90e7-42c3-9001-3bd9f0aa150b","67cc468e-90e7-42c3-9001-3bd9f0aa150b.jpg","Canada","ROOK","NHL","STL",77.9,188,5,84,82,87,88,84,83,83,83,83,84,83,84,85,85,84,83,163
"a44284fb-5c8e-4097-af51-610daaa4d354","a44284fb-5c8e-4097-af51-610daaa4d354.jpg","USA","XP","NHL","VAN",87,193,1,80,74,81,86,83,79,80,79,79,80,81,80,80,80,74,80,268
"a74b7732-a811-43d8-8b28-b3d648838953","a74b7732-a811-43d8-8b28-b3d648838953.jpg","USA","XP","NHL","VAN",87,193,5,84,78,85,88,83,83,84,83,83,84,85,84,84,84,78,84,268
"4729f391-c583-4a4f-a6bc-4a9f81b022e0","4729f391-c583-4a4f-a6bc-4a9f81b022e0.jpg","USA","XP","NHL","VAN",87,193,3,82,76,83,87,83,81,82,81,81,82,83,82,82,82,76,82,268
"ac6af497-3e58-4559-b16c-ced7e35efdd7","ac6af497-3e58-4559-b16c-ced7e35efdd7.jpg","USA","XP","NHL","VAN",87,193,2,81,75,82,87,83,80,81,80,80,81,82,81,81,81,75,81,268
"76b0a19a-92af-4cda-8c2e-37b8e418f4a3","76b0a19a-92af-4cda-8c2e-37b8e418f4a3.jpg","USA","XP","NHL","VAN",87,193,4,83,77,84,88,83,82,83,82,82,83,84,83,83,83,77,83,268
"2256801f-3656-410d-9c33-df036e87531f","2256801f-3656-410d-9c33-df036e87531f.jpg","USA","XP","NHL","VAN",87,193,6,85,79,86,89,83,84,85,84,84,85,86,85,85,85,79,85,268
"ce4dde47-f38c-4a49-9755-994e89d85c1e","ce4dde47-f38c-4a49-9755-994e89d85c1e.jpg","USA","ROOK","NHL","CGY",75.2,183,4,83,78,82,84,77,83,84,84,83,84,84,83,83,77,77,84,79
"6bdc5eeb-e070-4685-b08a-aa33df47d1cb","6bdc5eeb-e070-4685-b08a-aa33df47d1cb.jpg","Latvia","TOTW","NHL","PIT",92,193,3,82,78,83,87,81,82,82,82,82,84,82,82,82,82,78,81,18
"167ea669-ce3b-4e60-acc8-a6f93827b49a","167ea669-ce3b-4e60-acc8-a6f93827b49a.jpg","Czechia","ICON","NHLAA","BUF",75.2,185,7,86,79,88,91,79,86,89,89,81,89,86,85,85,87,90,86,75
"344295ec-f1cf-4c5a-85dc-3d8418a3a79e","344295ec-f1cf-4c5a-85dc-3d8418a3a79e.jpg","USA","TOTW","NHL","SEA",91.1,188,3,82,82,81,84,75,83,83,85,82,83,83,85,82,85,81,82,152
"0a0a37b6-be84-4377-b52a-01bb66b16907","0a0a37b6-be84-4377-b52a-01bb66b16907.jpg","Czechia","TOTW","NHL","ANA",86.1,188,3,82,80,81,85,79,83,83,85,84,84,82,82,82,84,80,82,191
"a9d1fb21-9f3c-4595-9221-d0043ac7fefb","a9d1fb21-9f3c-4595-9221-d0043ac7fefb.jpg","USA","TOTW","NHL","SJS",92,183,4,83,82,86,90,72,82,84,85,82,82,82,85,83,87,82,81,8
"8d7f29ae-f534-4913-a183-0f21593e066b","8d7f29ae-f534-4913-a183-0f21593e066b.jpg","Canada","HH","NHLAA","CAR",87.9,185,7,86,83,87,87,81,85,86,87,85,86,86,88,86,87,86,88,35
"b03303d7-ed6b-4ae2-ac3c-0e3ffb6b7bb2","b03303d7-ed6b-4ae2-ac3c-0e3ffb6b7bb2.jpg","Canada","ROOK","NHL","MTL",98.3,191,7,86,91,96,93,63,87,87,87,87,87,77,87,87,77,94,77,36
"0dc912ac-cb7c-4a15-94ea-a25fcf3e1af6","0dc912ac-cb7c-4a15-94ea-a25fcf3e1af6.jpg","Canada","ICON","NHLAA","NJD",99.7,188,8,87,92,87,88,84,87,87,89,87,88,86,90,88,89,86,89,205
"d6082c70-8ccc-494b-89ec-87014647e5ec","d6082c70-8ccc-494b-89ec-87014647e5ec.jpg","Canada","TOTW","NHL","COL",91.1,188,4,83,80,85,88,68,81,86,85,82,82,82,86,82,87,82,84,256
"a859c61c-0903-4ca6-9f53-5d2ad91cb05b","a859c61c-0903-4ca6-9f53-5d2ad91cb05b.jpg","USA","TOTW","NHL","CHI",86.5,191,4,83,83,86,88,80,82,84,83,82,83,83,82,83,82,82,82,262
"907a3ed2-de47-4eba-89a3-83cda1188b0d","907a3ed2-de47-4eba-89a3-83cda1188b0d.jpg","Czechia","TOTW","NHL","MTL",97.4,193,4,83,82,80,87,70,83,82,84,83,84,83,84,85,85,81,84,133
"c37de684-1485-4d69-9bd4-2246c060376d","c37de684-1485-4d69-9bd4-2246c060376d.jpg","Canada","TOTW","NHL","CBJ",85.2,183,4,83,83,87,89,77,83,85,84,80,83,84,82,83,86,81,84,144
"4ac15dcc-c574-4fe4-ad40-866f42cce2ef","4ac15dcc-c574-4fe4-ad40-866f42cce2ef.jpg","Russia","NG","NHL","SJS",81.5,191,5,84,78,84,90,81,83,84,83,83,85,84,84,84,82,78,84,292
"874c7ab7-f387-4d25-a1e1-62efa8b5abd1","874c7ab7-f387-4d25-a1e1-62efa8b5abd1.jpg","Canada","NG","NHL","NJD",92.9,193,3,82,80,82,87,79,80,82,83,80,83,83,83,82,79,80,83,221
"6652b1b8-ccae-409a-8943-3e382c5f0594","6652b1b8-ccae-409a-8943-3e382c5f0594.jpg","Canada","NG","NHL","STL",87.4,196,5,84,78,83,88,83,87,88,83,81,83,84,84,83,83,78,84,150
"bd3787b8-e66b-40d4-84cd-320b57ba3442","bd3787b8-e66b-40d4-84cd-320b57ba3442.jpg","Canada","TOTW","NHL","LAK",97.4,196,5,84,80,89,88,75,85,85,86,84,84,85,85,83,86,82,83,64
"43a278fd-bf15-4805-9ec9-88ddc011f784","43a278fd-bf15-4805-9ec9-88ddc011f784.jpg","Sweden","NG","NHL","MIN",96.9,191,4,83,80,83,87,83,82,81,85,82,85,84,85,84,86,80,84,143
"44aa35ca-f69d-4980-bed9-1e6c43e889b7","44aa35ca-f69d-4980-bed9-1e6c43e889b7.jpg","Finland","NG","NHL","NSH",95.1,193,5,84,81,85,89,85,84,81,83,83,84,86,84,84,84,84,84,166
"a002fd48-0314-4481-ad7b-0c57429ea99b","a002fd48-0314-4481-ad7b-0c57429ea99b.jpg","Finland","TOTW","NHL","VAN",86.1,188,5,84,80,87,89,60,84,86,84,84,84,83,84,85,86,83,83,174
"be325e0a-8035-46af-a072-e00daa9a2294","be325e0a-8035-46af-a072-e00daa9a2294.jpg","Canada","NG","NHL","BUF",86.5,185,3,82,80,86,90,80,80,79,83,78,83,82,81,80,80,84,80,50
"856e52c1-8dde-4000-9b1a-70454c26a574","856e52c1-8dde-4000-9b1a-70454c26a574.jpg","Canada","ROOK","NHLAA","MIN",97.4,196,9,88,84,89,91,82,88,89,88,88,88,89,87,87,86,86,87,64
"4da7b25b-8898-4bcc-b86b-1564be19d72d","4da7b25b-8898-4bcc-b86b-1564be19d72d.jpg","Russia","HH","NHLAA","SJS",90.6,183,9,88,85,87,89,84,88,88,89,87,88,92,88,88,88,88,91,94
"6efa2ad1-f97c-42d7-8d03-c4a5284fbbe5","6efa2ad1-f97c-42d7-8d03-c4a5284fbbe5.jpg","Canada","ICON","NHLAA","MTL",86.1,188,10,89,79,89,93,92,90,90,93,91,89,90,88,89,88,81,92,229
"7e14f345-0677-42e6-ac93-fea215cb5e00","7e14f345-0677-42e6-ac93-fea215cb5e00.jpg","Canada","XP","NHL","MTL",98.8,191,5,84,82,86,89,83,83,84,84,83,84,83,83,86,85,82,82,255
"b6105282-7c49-4571-823e-c991c8d005e5","b6105282-7c49-4571-823e-c991c8d005e5.jpg","Canada","XP","NHL","MTL",98.8,191,6,85,83,87,90,84,84,85,85,84,85,84,84,87,86,83,83,255
"7647598f-5a22-447a-b11c-0966278b2648","7647598f-5a22-447a-b11c-0966278b2648.jpg","Canada","XP","NHL","MTL",98.8,191,7,86,84,88,91,85,85,86,86,85,86,85,85,88,87,84,84,255
"547f4da1-a1ea-4ebb-b095-97f2107b5157","547f4da1-a1ea-4ebb-b095-97f2107b5157.jpg","Canada","XP","NHL","MTL",98.8,191,8,87,85,89,92,86,86,87,87,86,87,86,86,89,88,85,85,255
"7c241319-061f-4254-b586-8eb6edfda56f","7c241319-061f-4254-b586-8eb6edfda56f.jpg","Canada","XP","NHL","MTL",98.8,191,9,88,86,90,93,87,87,88,88,87,88,87,87,90,89,86,86,255
"507bdf5e-8031-4110-b521-f61ecc45420e","507bdf5e-8031-4110-b521-f61ecc45420e.jpg","Canada","XP","NHL","MTL",98.8,191,10,89,87,91,94,88,88,89,89,88,89,88,88,91,90,87,87,255
"38eb87b1-c507-4671-a410-3bc1b37ba1b8","38eb87b1-c507-4671-a410-3bc1b37ba1b8.jpg","Sweden","TOTW","NHL","MIN",96.9,191,6,85,82,85,89,78,84,83,87,84,87,86,87,86,88,82,86,143
"493c6308-a29d-490a-ac98-d4e93bda815d","493c6308-a29d-490a-ac98-d4e93bda815d.jpg","USA","TOTW","NHL","CAR",98.8,193,6,85,88,86,89,70,83,89,85,84,88,86,85,85,87,82,85,27
"fd19a78b-3ed2-46bb-aae0-cd7db03add59","fd19a78b-3ed2-46bb-aae0-cd7db03add59.jpg","USA","GM","NHL","BOS",88.3,191,10,89,86,90,92,81,88,89,90,88,90,89,90,89,91,86,89,140
"5b8595a3-66b0-4b5d-9018-297a981916f3","5b8595a3-66b0-4b5d-9018-297a981916f3.jpg","Canada","GM","NHL","WSH",93.8,193,7,86,82,86,88,80,85,84,88,85,88,87,88,87,86,83,87,187
"327165ef-29b3-4ff5-80d3-f5092eb23588","327165ef-29b3-4ff5-80d3-f5092eb23588.jpg","USA","GM","NHL","DAL",85.2,183,5,84,81,85,89,79,82,88,84,83,84,84,84,84,84,81,84,39
"f4748b18-2352-4f45-b6b0-d34af7878094","f4748b18-2352-4f45-b6b0-d34af7878094.jpg","Sweden","GM","NHL","TOR",101.5,201,5,84,84,85,90,77,83,88,84,82,84,85,83,83,86,85,83,71
"f179e08f-ebf3-4b8e-9a87-af2b9259754b","f179e08f-ebf3-4b8e-9a87-af2b9259754b.jpg","USA","TOTW","NHL","CGY",75.2,183,7,86,85,87,88,72,86,85,89,88,86,88,87,88,88,88,86,79
"801fd090-eeaa-4c06-aab3-46ff248fcacf","801fd090-eeaa-4c06-aab3-46ff248fcacf.jpg","Sweden","GM","NHL","CHI",81.5,191,5,84,80,86,89,75,82,87,83,82,84,84,84,84,81,82,84,20
"11c0f920-1ed1-4af6-a380-dd09711c4ac4","11c0f920-1ed1-4af6-a380-dd09711c4ac4.jpg","USA","BA","NHL","BOS",88.3,191,4,83,80,84,86,81,82,83,84,82,84,83,84,83,85,80,83,140
"83269c01-d2df-49d6-9424-f9abd38426d9","83269c01-d2df-49d6-9424-f9abd38426d9.jpg","USA","BA","NHL","CGY",75.2,183,1,80,75,79,83,77,80,78,81,80,81,81,80,80,74,74,81,79
"c4f8a61b-5ea8-441a-b04c-f7e777ce76ca","c4f8a61b-5ea8-441a-b04c-f7e777ce76ca.jpg","USA","BA","NHL","CHI",86.5,191,2,81,81,84,86,77,80,82,81,80,81,81,80,81,80,80,80,262
"ddab0e80-62a6-4aaa-8d67-d023b4493e7b","ddab0e80-62a6-4aaa-8d67-d023b4493e7b.jpg","USA","BA","NHL","DAL",101.5,198,5,84,78,84,89,85,83,83,86,84,85,85,86,86,85,78,85,131
"15324384-71f6-4d95-96ec-83557c4aa176","15324384-71f6-4d95-96ec-83557c4aa176.jpg","USA","BA","NHL","DAL",81.5,183,0.8,78,75,79,83,79,76,82,78,77,78,78,78,78,78,75,78,39
"97b93ce2-7d12-4314-85d0-65c3cf1394e6","97b93ce2-7d12-4314-85d0-65c3cf1394e6.jpg","USA","BA","NHL","DET",96.9,188,0.9,79,76,79,83,82,79,78,80,79,80,79,79,82,80,80,79,156
"bff6e86a-d529-4ea2-a223-5db43f0d9e30","bff6e86a-d529-4ea2-a223-5db43f0d9e30.jpg","USA","BA","NHL","NYR",99.7,185,0.9,79,77,78,81,77,79,83,81,79,81,79,79,79,78,77,80,161
"fd762a99-8dfb-4333-a731-c9ffa2ab7e28","fd762a99-8dfb-4333-a731-c9ffa2ab7e28.jpg","USA","BA","NHL","SJS",92,183,0.7,77,76,79,83,79,75,79,76,75,77,76,76,77,78,76,76,8
"f1e08c58-e002-4315-8f20-69c7b957d317","f1e08c58-e002-4315-8f20-69c7b957d317.jpg","USA","BA","NHL","SEA",91.1,188,2,81,76,78,82,77,81,81,81,81,82,82,81,81,78,79,81,152
"7c59fb4e-4593-45a9-a3c4-e1e9fcd974d9","7c59fb4e-4593-45a9-a3c4-e1e9fcd974d9.jpg","USA","BA","NHL","TOR",110.1,198,1,80,77,80,84,79,80,79,81,80,81,81,80,82,81,76,80,15
"1114685c-a485-45c4-b3ad-7c8b1f79ecd8","1114685c-a485-45c4-b3ad-7c8b1f79ecd8.jpg","USA","BA","NHL","TOR",93.3,191,1,80,77,80,83,79,79,79,81,78,81,80,81,82,80,78,80,165
"1ef24996-0a0a-4980-9170-425a400d5f70","1ef24996-0a0a-4980-9170-425a400d5f70.jpg","USA","BA","NHL","VAN",87,193,3,82,76,83,87,83,81,82,81,81,82,83,82,82,82,76,82,268
"7d65d73c-7bd3-4920-94a5-4746506f63d6","7d65d73c-7bd3-4920-94a5-4746506f63d6.jpg","USA","BA","NHL","WSH",86.1,188,0.9,79,77,81,85,79,77,77,79,77,79,80,78,78,79,77,79,41
"c779af37-d174-4a9f-b017-bf401c9c35ce","c779af37-d174-4a9f-b017-bf401c9c35ce.jpg","USA","BA","NHL","WPG",93.8,193,6,85,80,84,87,82,85,86,86,85,86,87,85,84,84,80,88,51
"96917d91-59b1-4d00-8c46-1deeab189fb2","96917d91-59b1-4d00-8c46-1deeab189fb2.jpg","USA","ALUM","NHLAA","ANA",83.8,180,2,81,77,78,82,79,82,79,78,82,83,82,80,82,80,78,82,111
"07923a8a-0724-4d50-8e00-3ba8ffc50352","07923a8a-0724-4d50-8e00-3ba8ffc50352.jpg","USA","ALUM","NHLAA","BUF",76.1,188,4,83,77,86,88,81,83,83,82,82,82,83,83,83,85,77,83,252
"4ff8c880-2ffe-4963-a322-e001543d46a2","4ff8c880-2ffe-4963-a322-e001543d46a2.jpg","USA","ALUM","NHLAA","DET",98.8,185,0.9,79,75,79,83,78,78,79,78,78,80,79,80,80,78,79,80,146
"9b0c9fbb-7f4e-4594-8415-2a25d774140a","9b0c9fbb-7f4e-4594-8415-2a25d774140a.jpg","USA","ALUM","NHLAA","EDM",83.8,185,0.5,75,76,74,77,76,75,72,74,75,76,77,74,72,72,76,76,280
"1b8878bc-7d47-42f4-bee3-b45149d128ed","1b8878bc-7d47-42f4-bee3-b45149d128ed.jpg","USA","ALUM","NHLAA","MIN",90.6,183,0.5,75,73,74,79,77,76,73,76,76,77,77,73,73,73,74,77,232
"89c8b208-d0dd-47f9-9402-6f2f33041af9","89c8b208-d0dd-47f9-9402-6f2f33041af9.jpg","USA","ALUM","NHLAA","NJD",77,175,0.6,76,72,76,81,78,77,74,74,77,78,77,76,76,78,74,77,45
"1a9d47a4-1044-4039-af88-dd27c96c0d4c","1a9d47a4-1044-4039-af88-dd27c96c0d4c.jpg","USA","ALUM","NHLAA","NYI",95.1,185,2,81,87,83,81,76,81,81,80,80,80,81,81,80,82,85,81,242
"ce2cdd51-a0ad-45b4-806e-d3de91147856","ce2cdd51-a0ad-45b4-806e-d3de91147856.jpg","USA","ALUM","NHLAA","NYR",86.1,178,3,82,79,82,86,80,81,80,82,81,83,83,83,82,83,79,83,217
"5a7d2aad-3bfe-4cbb-ab5a-2bbf43306a73","5a7d2aad-3bfe-4cbb-ab5a-2bbf43306a73.jpg","USA","ALUM","NHLAA","OTT",84.7,188,2,81,79,81,83,78,80,79,83,80,83,82,83,82,82,79,82,58
"6c505348-b0c9-467b-9d1f-4469643018bb","6c505348-b0c9-467b-9d1f-4469643018bb.jpg","USA","ALUM","NHLAA","TBL",99.7,191,0.5,75,72,74,77,76,76,72,75,76,76,76,75,76,71,74,76,157
"5ea94080-bfae-4a89-ab5a-130bc91e2f85","5ea94080-bfae-4a89-ab5a-130bc91e2f85.jpg","USA","FI","NHL","DET",96.9,188,2,81,78,81,85,84,81,80,82,81,82,81,81,84,82,82,81,156
"e38682ff-68a9-48d9-9c83-510714bc15c8","e38682ff-68a9-48d9-9c83-510714bc15c8.jpg","USA","BA","PWHL","BOS",63,165,4,83,80,85,88,80,82,83,82,81,83,83,84,83,83,80,83,3
"d7643766-3f76-47b8-95b5-c3fa0c641f53","d7643766-3f76-47b8-95b5-c3fa0c641f53.jpg","USA","BA","PWHL","BOS",68,185,2,81,80,83,87,78,80,79,79,80,80,81,81,80,79,80,80,0
"fe68a6bc-56d0-4550-9967-b101809e935d","fe68a6bc-56d0-4550-9967-b101809e935d.jpg","USA","BA","PWHL","MIN",69.8,168,3,82,80,82,87,78,81,82,83,82,82,82,83,81,82,79,83,222
"5acf72fb-3c63-4634-9a0c-cc673451dd7a","5acf72fb-3c63-4634-9a0c-cc673451dd7a.jpg","USA","BA","PWHL","OTT",78.8,170,1,80,76,78,83,74,80,78,80,83,79,81,82,81,81,78,80,112
"c0770509-a7ab-4665-8b7c-efeaa32155c6","c0770509-a7ab-4665-8b7c-efeaa32155c6.jpg","USA","BA","PWHL","MIN",64.8,165,3,82,81,83,87,79,82,81,81,82,81,82,83,82,82,82,82,194
"8c422412-668f-4d6d-ab10-ea59b535602e","8c422412-668f-4d6d-ab10-ea59b535602e.jpg","USA","CMG","Liiga","KPA",82,183,6,85,74,91,95,82,83,87,82,83,83,85,83,82,82,83,83,263
"add908c2-6bb1-416e-8e21-8a2d055e882d","add908c2-6bb1-416e-8e21-8a2d055e882d.jpg","USA","GB","NHL","LAK",99.7,185,3,82,80,81,84,80,82,86,84,82,84,82,82,82,81,80,83,161
"8a7e6fbb-6919-4f8d-93bb-73f06b1a1894","8a7e6fbb-6919-4f8d-93bb-73f06b1a1894.jpg","USA","BA","AHL","BEL",97.4,183,0.6,76,77,79,83,76,75,74,78,73,78,78,76,75,75,77,76,118
"333afb3c-b3a8-41c6-ab3c-a0c511e512a3","333afb3c-b3a8-41c6-ab3c-a0c511e512a3.jpg","USA","BA","AHL","BRI",87.9,188,0.7,77,77,83,85,78,74,80,77,71,75,75,75,77,77,77,75,228
"819309d5-26db-48d8-98a5-bb62c9e52bc4","819309d5-26db-48d8-98a5-bb62c9e52bc4.jpg","USA","BA","AHL","CGY",87,196,0.6,76,76,80,84,74,73,80,76,74,76,76,75,75,74,76,75,72
"05946db9-baf6-4910-bd07-c903809b3c39","05946db9-baf6-4910-bd07-c903809b3c39.jpg","USA","BA","AHL","CGY",91.1,193,0.6,76,77,81,84,76,74,73,77,72,76,79,75,76,72,77,75,53
"69a9a22d-61b2-4136-98ed-16cd99002899","69a9a22d-61b2-4136-98ed-16cd99002899.jpg","USA","BA","AHL","CHA",98.8,193,0.8,78,77,79,82,76,76,82,78,76,78,79,78,75,75,75,78,27
"7d7cdcd2-9e70-4145-935e-c5e3ab4eb316","7d7cdcd2-9e70-4145-935e-c5e3ab4eb316.jpg","USA","BA","AHL","CHA",108.7,203,0.6,76,70,74,80,73,78,75,74,77,79,74,76,78,75,77,73,55
"1904e093-9927-42a9-9310-75e4d1db79de","1904e093-9927-42a9-9310-75e4d1db79de.jpg","USA","BA","AHL","CHI",93.8,191,0.9,79,77,80,84,80,78,82,78,77,79,78,79,79,80,80,77,40
"e84caa7e-6cb2-444c-bd60-22ee530a3070","e84caa7e-6cb2-444c-bd60-22ee530a3070.jpg","USA","BA","AHL","CLE",74.7,180,0.8,78,83,87,91,76,74,81,76,73,76,76,76,76,76,75,76,119
"8cc34d7f-618b-4d89-9e41-d94cfca90217","8cc34d7f-618b-4d89-9e41-d94cfca90217.jpg","USA","BA","AHL","COL",82.9,188,0.6,76,79,83,85,77,74,73,77,73,75,76,75,77,75,77,74,179
"c80c81b1-9ec4-417f-9b29-3f68cfbd3523","c80c81b1-9ec4-417f-9b29-3f68cfbd3523.jpg","USA","BA","AHL","GR",90.6,191,1,80,79,82,86,80,78,82,80,78,80,80,80,80,80,79,78,126
"ac070fe3-8a9b-4c01-913f-1984a03243db","ac070fe3-8a9b-4c01-913f-1984a03243db.jpg","USA","BA","AHL","HER",85.2,185,0.7,77,77,82,84,77,74,74,78,72,77,77,76,78,76,77,76,219
"a8299247-ec4b-4ffa-9dd8-619448dd732c","a8299247-ec4b-4ffa-9dd8-619448dd732c.jpg","USA","BA","AHL","IA",83.8,188,0.8,78,76,80,84,80,75,81,77,75,77,76,79,78,79,76,76,31
"a2e17f39-3953-49fa-ae5c-5873358d7818","a2e17f39-3953-49fa-ae5c-5873358d7818.jpg","USA","BA","AHL","MIL",86.1,193,0.8,78,75,77,83,69,79,80,78,77,77,76,76,80,75,77,80,93
"84d3b107-c26f-4938-b687-39551fb74a56","84d3b107-c26f-4938-b687-39551fb74a56.jpg","USA","BA","AHL","SYR",94.7,193,0.6,76,79,81,85,76,74,79,75,73,75,75,75,75,75,76,75,28
"01460db4-0626-4658-8b0b-3d74d47fc12c","01460db4-0626-4658-8b0b-3d74d47fc12c.jpg","USA","BA","AHL","TEX",87.9,196,0.9,79,80,79,84,75,81,79,80,80,80,77,79,80,79,81,76,22
"156c05b8-5e10-4b93-a9cc-a66ebc0512d9","156c05b8-5e10-4b93-a9cc-a66ebc0512d9.jpg","USA","BA","AHL","TUC",78.8,191,0.8,78,79,80,84,78,74,81,78,74,78,78,77,78,78,78,77,138
"631e43a5-ab36-45b3-9a99-78a39dd2611e","631e43a5-ab36-45b3-9a99-78a39dd2611e.jpg","USA","BA","AHL","ONT",92.9,193,0.9,79,80,83,87,79,78,79,78,78,77,79,78,78,80,75,79,235
"ae10f66c-a146-4649-b7e5-ba83a65a4add","ae10f66c-a146-4649-b7e5-ba83a65a4add.jpg","USA","BA","AHL","RFD",81.5,188,0.7,77,75,79,83,78,75,81,78,74,78,77,77,77,77,73,77,78
"38b3bde6-f8b6-4076-ab73-66f83a595936","38b3bde6-f8b6-4076-ab73-66f83a595936.jpg","USA","TRAN","NHL","CHI",86.5,191,3,82,82,85,87,78,81,83,82,81,82,82,81,82,81,81,81,262
"723e493f-d62e-4716-8a65-7d5f5d666f8d","723e493f-d62e-4716-8a65-7d5f5d666f8d.jpg","USA","TRAN","NHL","TOR",110.1,198,4,83,80,83,87,82,83,82,84,83,84,84,83,85,84,79,83,15
"9bed8e50-6938-4887-9bde-ee701cc07a95","9bed8e50-6938-4887-9bde-ee701cc07a95.jpg","USA","BA","SHL","BIF",94.2,188,0.9,79,72,81,86,81,78,77,79,78,79,79,80,80,80,79,78,49
"8d80f3a2-a17f-4b8e-9273-601faf779817","8d80f3a2-a17f-4b8e-9273-601faf779817.jpg","USA","MARQ","NHL","CGY",75.2,183,6,85,80,84,85,77,85,86,87,85,86,86,85,85,79,79,86,79
"14a05c0e-72c9-4a4f-bf9a-a6fa3c30528f","14a05c0e-72c9-4a4f-bf9a-a6fa3c30528f.jpg","USA","BA","NHL","BUF",88.8,185,0.8,78,77,79,83,76,77,77,78,77,79,80,79,78,76,77,80,7
"ef1d891a-f1c2-4a88-a0ff-f75f8e9403f6","ef1d891a-f1c2-4a88-a0ff-f75f8e9403f6.jpg","USA","MARQ","NHL","CAR",98.8,193,2,81,80,82,85,79,79,85,81,79,81,82,81,78,78,78,81,27
"f671c719-8901-4354-99cc-9cc35435cf15","f671c719-8901-4354-99cc-9cc35435cf15.jpg","USA","BEM","NHL","DAL",101.9,198,2,81,75,81,86,82,80,80,83,81,82,82,83,83,82,75,82,131
"cec8a7a7-3465-4620-800f-3f84d7a514ff","cec8a7a7-3465-4620-800f-3f84d7a514ff.jpg","USA","BEM","NHL","DAL",101.9,198,3,82,76,82,87,83,81,81,84,82,83,83,84,84,83,76,83,131
"19c564cb-c32c-4980-acbd-9ae8cda36314","19c564cb-c32c-4980-acbd-9ae8cda36314.jpg","USA","BEM","NHL","DAL",101.9,198,5,84,78,84,89,85,83,83,86,84,85,85,86,86,85,78,85,131
"e91fe547-bfb0-4c7f-8cb9-6f91efd4aa58","e91fe547-bfb0-4c7f-8cb9-6f91efd4aa58.jpg","USA","BEM","NHL","DAL",101.9,198,4,83,77,83,88,84,82,82,85,83,84,84,85,85,84,77,84,131
"a3ed04e9-6aa5-4410-b05c-4055ebb80eb8","a3ed04e9-6aa5-4410-b05c-4055ebb80eb8.jpg","USA","BEM","NHL","DAL",101.9,198,6,85,79,85,90,86,84,84,87,85,86,86,87,87,86,79,86,131
"7a47ca2d-cb4c-491f-8a58-1dd879f5785f","7a47ca2d-cb4c-491f-8a58-1dd879f5785f.jpg","USA","BEM","NHL","DAL",101.9,198,7,86,80,86,91,87,85,85,88,86,87,87,88,88,87,80,87,131
"865e92c8-649a-4a57-b2fe-12202b1fa730","865e92c8-649a-4a57-b2fe-12202b1fa730.jpg","USA","BEM","NHL","BOS",88.3,191,6,85,82,86,88,83,84,85,86,84,86,85,86,85,87,82,85,140
"32fcf3c7-0aa0-41af-b871-e2bce4919612","32fcf3c7-0aa0-41af-b871-e2bce4919612.jpg","USA","BEM","NHL","BUF",90.1,185,5,84,83,85,89,82,83,83,84,83,85,86,85,84,82,83,86,7
"6e3f1a38-0636-4279-a344-57d39272232b","6e3f1a38-0636-4279-a344-57d39272232b.jpg","USA","BEM","NHL","WPG",93.8,193,2,81,76,80,83,78,81,82,82,81,82,83,81,80,80,76,84,51
"bb2b8acb-306e-4850-838e-ea12e5f5eac4","bb2b8acb-306e-4850-838e-ea12e5f5eac4.jpg","USA","BEM","NHL","WPG",93.8,193,3,82,77,81,84,79,82,83,83,82,83,84,82,81,81,77,85,51
"19c9eaf4-91a6-42ef-8ca7-ab293cf9699a","19c9eaf4-91a6-42ef-8ca7-ab293cf9699a.jpg","USA","BEM","NHL","WPG",93.8,193,4,83,78,82,85,80,83,84,84,83,84,85,83,82,82,78,86,51
"0d70e376-4afe-41ce-9e4b-8dad950a266d","0d70e376-4afe-41ce-9e4b-8dad950a266d.jpg","USA","BEM","NHL","WPG",93.8,193,5,84,79,83,86,81,84,85,85,84,85,86,84,83,83,79,87,51
"7223199d-6c68-4342-95f9-9b03ec4a0fa9","7223199d-6c68-4342-95f9-9b03ec4a0fa9.jpg","USA","BEM","NHL","WPG",93.8,193,6,85,80,84,87,82,85,86,86,85,86,87,85,84,84,80,88,51
"0b0c296e-6a7a-4a64-8c4d-cf7ea4dad7a1","0b0c296e-6a7a-4a64-8c4d-cf7ea4dad7a1.jpg","USA","BEM","NHL","WPG",93.8,193,7,86,81,85,88,83,86,87,87,86,87,88,86,85,85,81,89,51
"9af8c5cd-1c78-4088-bb72-5ad1a2177dbc","9af8c5cd-1c78-4088-bb72-5ad1a2177dbc.jpg","USA","BEM","NHLAA","MIN",90.6,183,1,80,78,79,84,82,81,78,81,81,82,82,78,78,78,79,82,232
"eaffce60-821f-4d7d-a682-516aff52dab9","eaffce60-821f-4d7d-a682-516aff52dab9.jpg","USA","TRAN","AHL","ONT",92.9,193,4,83,84,87,91,83,82,83,82,82,81,83,82,82,84,79,83,235
"b0b723e2-ae38-43ea-b0fa-884845c410fe","b0b723e2-ae38-43ea-b0fa-884845c410fe.jpg","USA","BEM","NHLAA","NJD",77,175,1,80,76,80,85,82,81,78,78,81,82,81,80,80,82,78,81,45
"b1bb90fa-c671-4b4f-8021-5a04ac5b0d51","b1bb90fa-c671-4b4f-8021-5a04ac5b0d51.jpg","USA","CMG","NHL","SEA",91.1,188,7,86,81,83,87,80,86,86,86,86,87,87,86,86,83,84,86,152
"8b719f97-3ddb-4af6-a3ec-f0168d84ced7","8b719f97-3ddb-4af6-a3ec-f0168d84ced7.jpg","USA","GB","NHL","WSH",86.1,188,4,83,81,85,89,79,81,81,83,81,83,84,82,82,83,81,83,41
"ed53f60f-f826-4478-8a56-0ea92907013b","ed53f60f-f826-4478-8a56-0ea92907013b.jpg","Czechia","BA","NHL","ANA",86.1,188,2,81,75,80,83,78,80,82,81,80,81,81,81,81,79,75,81,191
"38c6d178-19c1-469a-abc4-6eb933df3180","38c6d178-19c1-469a-abc4-6eb933df3180.jpg","Czechia","BA","NHL","ANA",85.2,188,0.8,78,74,79,83,60,77,75,79,77,79,77,79,78,78,76,77,234
"e868920c-3346-464d-b1db-7887e617124d","e868920c-3346-464d-b1db-7887e617124d.jpg","Finland","BA","NHL","ANA",92.9,191,0.7,77,72,80,84,79,75,81,76,75,77,77,76,78,79,77,75,287
"6032389b-3599-4a92-accd-7ebbe50c44f2","6032389b-3599-4a92-accd-7ebbe50c44f2.jpg","Finland","BA","NHL","BOS",90.1,191,0.8,78,74,80,83,78,76,81,78,76,77,78,78,78,79,77,78,162
"5070eec5-e13f-4052-b53c-29c847307458","5070eec5-e13f-4052-b53c-29c847307458.jpg","Canada","FI","NHL","WSH",93.8,193,5,84,80,84,86,80,83,85,86,83,86,85,86,85,84,81,85,187
"9a064cef-eb6d-4b87-bcfe-3f0b7baa06a9","9a064cef-eb6d-4b87-bcfe-3f0b7baa06a9.jpg","Czechia","FI","NHL","UTA",100.1,193,2,81,79,82,86,82,80,81,81,80,81,80,81,83,82,80,80,169
"963365c1-3da8-4356-84b2-555edbc50950","963365c1-3da8-4356-84b2-555edbc50950.jpg","Denmark","BA","NHL","CAR",103.7,193,2,81,72,80,84,80,81,80,82,81,82,83,82,81,81,77,83,99
"4d9a5c3c-0d9a-425e-ae52-7e9df9543b02","4d9a5c3c-0d9a-425e-ae52-7e9df9543b02.jpg","Russia","BA","NHL","CAR",87.4,191,0.9,79,75,81,85,80,77,79,79,76,79,80,78,78,79,76,79,237
"3b679414-0403-4fe2-80d9-23d9356c2d34","3b679414-0403-4fe2-80d9-23d9356c2d34.jpg","Sweden","BA","NHL","CHI",81.5,191,0.8,78,74,80,83,75,76,81,77,76,78,78,78,78,75,76,78,21
"b9ecce94-2bc3-40e5-b8f5-35e64cc43369","b9ecce94-2bc3-40e5-b8f5-35e64cc43369.jpg","Canada","BA","NHL","CHI",92,191,0.7,77,75,78,82,77,76,81,78,76,78,78,78,76,77,75,77,182
"db78e8d4-2033-4ad6-959c-5c1104a6a13d","db78e8d4-2033-4ad6-959c-5c1104a6a13d.jpg","Canada","BA","NHL","COL",101.9,193,2,81,79,81,84,77,82,79,81,82,83,81,81,81,79,78,80,193
"0fe9d0d7-0d91-4560-b078-7c6a31da6347","0fe9d0d7-0d91-4560-b078-7c6a31da6347.jpg","Canada","BA","NHL","COL",91.1,188,0.8,78,75,80,84,77,76,81,77,76,77,77,77,77,77,77,77,256
"ad669a9e-8f58-4289-b7f7-15059a6f09a6","ad669a9e-8f58-4289-b7f7-15059a6f09a6.jpg","Latvia","BA","NHL","CBJ",86.1,191,0.9,79,76,82,84,80,78,77,80,77,79,81,79,79,83,78,80,87
"226128f0-df7c-4646-8f1f-2b92b14707c6","226128f0-df7c-4646-8f1f-2b92b14707c6.jpg","Canada","BA","NHL","DET",90.6,193,1,80,77,79,83,78,81,82,81,81,81,80,81,81,78,77,81,34
"6eb7ca70-c4c2-4580-a126-2c2c422d2007","6eb7ca70-c4c2-4580-a126-2c2c422d2007.jpg","Canada","BA","NHL","EDM",104.2,193,1,80,79,82,84,82,79,80,81,78,81,80,80,82,84,80,80,264
"4375c8fe-38fa-4d04-979f-0291a3b84126","4375c8fe-38fa-4d04-979f-0291a3b84126.jpg","Canada","BA","NHL","EDM",93.3,185,0.6,76,75,77,81,76,74,79,74,74,75,77,76,76,76,75,77,33
"4a3adb92-f6f1-447c-a5f0-7732866625d5","4a3adb92-f6f1-447c-a5f0-7732866625d5.jpg","Russia","BA","NHL","FLA",81.5,188,4,83,78,85,88,82,81,81,85,82,84,85,83,83,85,83,83,260
"4ca86a4d-e0f3-4f7e-9cc9-c044828fa7bb","4ca86a4d-e0f3-4f7e-9cc9-c044828fa7bb.jpg","Russia","BA","NHL","FLA",92,196,0.7,77,74,81,85,78,74,79,76,74,76,75,75,77,77,76,75,63
"36c92197-2d07-4bef-b288-8ff1aa3ab603","36c92197-2d07-4bef-b288-8ff1aa3ab603.jpg","Canada","BA","NHL","LAK",97.4,196,4,83,79,84,86,77,83,84,83,83,83,84,82,82,81,81,82,64
"595cfeef-27c6-4559-aa18-868c8475ef81","595cfeef-27c6-4559-aa18-868c8475ef81.jpg","Sweden","BA","NHL","LAK",89.7,191,0.7,77,72,80,84,79,76,80,76,76,76,77,76,76,79,76,77,16
"43baaa1c-9eb6-4f11-aa45-befcd07ee610","43baaa1c-9eb6-4f11-aa45-befcd07ee610.jpg","Sweden","BA","NHL","MIN",83.4,188,3,82,73,82,85,79,82,80,84,83,84,82,83,84,81,78,81,97
"0aeb4931-5294-4838-9857-7f07b74e0b92","0aeb4931-5294-4838-9857-7f07b74e0b92.jpg","Sweden","BA","NHL","MIN",96.9,191,0.7,77,74,77,81,77,76,75,79,76,79,78,79,78,80,74,78,143
"dbd88d24-fa0f-4de2-ab03-734da5f992aa","dbd88d24-fa0f-4de2-ab03-734da5f992aa.jpg","Canada","BA","NHL","MIN",98.8,191,2,81,79,83,86,80,80,81,81,80,81,80,80,83,82,79,79,255
"beda90e1-9f4c-4780-aeaf-a47fad678768","beda90e1-9f4c-4780-aeaf-a47fad678768.jpg","Canada","BA","NHL","MTL",98.8,191,2,81,79,83,86,80,80,81,81,80,81,80,80,83,82,79,79,255
"128bea7b-6f38-4c71-9552-6e230e485eaf","128bea7b-6f38-4c71-9552-6e230e485eaf.jpg","Czechia","BA","NHL","MTL",97.4,193,0.6,76,75,72,80,70,76,73,77,76,77,76,77,78,70,74,77,133
"26fff586-4356-471a-ac1b-795196e54e0a","26fff586-4356-471a-ac1b-795196e54e0a.jpg","Finland","BA","NHL","NSH",81.5,180,4,83,76,84,88,82,80,81,84,80,85,85,85,82,82,76,85,167
"9650567c-969e-4a12-860b-b53223d4868c","9650567c-969e-4a12-860b-b53223d4868c.jpg","Finland","BA","NHL","NSH",95.1,193,0.5,75,72,76,80,76,75,72,74,74,75,77,75,75,75,75,75,166
"da46a009-516d-45d4-906b-97f09f678f5b","da46a009-516d-45d4-906b-97f09f678f5b.jpg","Sweden","BA","NHL","NJD",93.8,198,3,82,76,81,85,82,80,80,83,82,83,82,84,83,83,77,83,128
"e6e68016-45d5-43e0-b739-3a1ca379c47b","e6e68016-45d5-43e0-b739-3a1ca379c47b.jpg","Canada","BA","NHL","NJD",89.2,188,0.9,79,76,79,83,80,77,82,79,76,79,78,79,80,79,78,79,130
"509ce0e0-3c48-4602-afab-6d0e6ed4070f","509ce0e0-3c48-4602-afab-6d0e6ed4070f.jpg","Russia","BA","NHL","NYI",95.6,193,4,83,72,84,88,81,80,81,85,80,83,84,85,83,82,72,84,122
"a825c734-d812-4a94-b856-c91fa38c64af","a825c734-d812-4a94-b856-c91fa38c64af.jpg","Russia","BA","NHL","NYI",92.9,188,0.8,78,77,79,83,78,77,82,76,77,78,77,77,76,80,77,77,259
"eab11d1f-2932-4774-9e47-6e71b3d7e616","eab11d1f-2932-4774-9e47-6e71b3d7e616.jpg","Czechia","BA","NHL","NYI",92.9,193,0.7,77,76,79,83,78,74,80,77,74,77,78,77,77,77,76,77,69
"fd56ce33-f75a-4b03-90f5-637bb2cb5788","fd56ce33-f75a-4b03-90f5-637bb2cb5788.jpg","Sweden","BA","NHL","NYI",106,196,0.5,75,74,79,80,74,74,71,72,74,74,76,75,76,78,74,76,201
"eb781e43-5534-4773-b254-00872ff43c20","eb781e43-5534-4773-b254-00872ff43c20.jpg","Russia","BA","NHL","NYR",88.3,185,4,83,74,83,87,84,81,84,84,81,83,84,83,83,83,79,84,120
"ae11e50d-3b6d-4937-b526-099734dfa03e","ae11e50d-3b6d-4937-b526-099734dfa03e.jpg","Sweden","BA","NHL","OTT",97.4,193,2,81,76,80,84,82,80,80,82,80,82,82,82,82,82,77,82,185
"8b6ee70d-e8a3-490c-88a1-c5af15575c0a","8b6ee70d-e8a3-490c-88a1-c5af15575c0a.jpg","Finland","BA","NHL","OTT",84.3,191,0.6,76,74,76,80,72,77,73,78,76,78,78,76,76,74,73,77,183
"e8855c92-5ab4-49f3-bcb1-46398dc2c25e","e8855c92-5ab4-49f3-bcb1-46398dc2c25e.jpg","Sweden","BA","NHL","PHI",87.9,191,0.9,79,72,80,84,79,76,82,79,77,79,79,78,79,80,77,78,253
"1d3e8d2a-6eb4-4d72-81fc-fd64ed9cb127","1d3e8d2a-6eb4-4d72-81fc-fd64ed9cb127.jpg","Czechia","BA","NHL","PHI",94.7,196,0.8,78,72,78,83,79,77,81,77,76,78,78,77,79,79,76,78,61
"6bd9ec2f-88f4-4399-9072-274367d07a28","6bd9ec2f-88f4-4399-9072-274367d07a28.jpg","Russia","BA","NHL","PHI",96.9,201,0.7,77,74,77,81,75,77,79,75,77,75,76,77,77,83,74,77,124
"38d8fe8c-0a7b-4caa-85be-8acf4fa7d6e5","38d8fe8c-0a7b-4caa-85be-8acf4fa7d6e5.jpg","Belarus","BA","NHL","PHI",83.8,185,0.5,75,73,77,82,76,74,71,76,74,75,76,75,75,71,74,76,6
"48572361-828e-4f8b-af7b-7882af2e8873","48572361-828e-4f8b-af7b-7882af2e8873.jpg","Canada","BA","NHL","PIT",88.3,188,0.8,78,77,79,82,79,76,81,77,76,77,77,77,77,80,77,77,278
"8e9a71e7-f91d-470f-b234-060b3029d3d4","8e9a71e7-f91d-470f-b234-060b3029d3d4.jpg","Latvia","BA","NHL","PIT",92,193,0.9,79,75,80,84,78,79,79,79,79,81,79,79,79,79,75,78,18
"7c0736b6-4d1e-46ef-9fe0-c710083470b4","7c0736b6-4d1e-46ef-9fe0-c710083470b4.jpg","Germany","BA","NHL","SEA",85.2,185,0.8,78,75,80,84,79,77,81,78,77,78,77,77,78,81,76,76,236
"146e9d27-e799-4360-95de-f0c5c5b9330d","146e9d27-e799-4360-95de-f0c5c5b9330d.jpg","Canada","BA","NHL","SEA",99.7,196,0.7,77,77,77,81,76,75,80,77,77,77,77,77,77,75,72,77,208
"81249bad-0402-44e2-8db9-c0b0b6f5a5de","81249bad-0402-44e2-8db9-c0b0b6f5a5de.jpg","Canada","BA","NHL","STL",77.9,188,4,83,81,86,88,84,82,83,82,82,83,82,83,84,84,83,82,163
"8de9efe2-18c7-4d5c-b93c-ece27cae5125","8de9efe2-18c7-4d5c-b93c-ece27cae5125.jpg","Canada","BA","NHL","STL",81.1,196,0.8,78,72,77,82,77,81,82,77,75,77,78,78,77,77,72,78,150
"0f375b7c-ed11-4cc1-8676-784c9a775d62","0f375b7c-ed11-4cc1-8676-784c9a775d62.jpg","Russia","BA","NHL","TBL",103.3,193,5,84,74,83,87,82,83,84,85,83,84,85,84,83,83,76,85,10
"4a38a0fb-bd6f-4139-9481-6821cce52513","4a38a0fb-bd6f-4139-9481-6821cce52513.jpg","Sweden","BA","NHL","TBL",98.8,196,0.6,76,72,76,81,76,75,73,77,75,77,76,78,77,78,74,76,160
"ac32616f-c366-4cdf-9dfe-15ca5f3a9cec","ac32616f-c366-4cdf-9dfe-15ca5f3a9cec.jpg","Czechia","BA","NHL","UTA",100.1,193,0.9,79,77,80,84,80,78,77,79,78,79,78,79,81,80,78,78,169
"471a1a5f-a810-403e-ac8e-cadc30a0756b","471a1a5f-a810-403e-ac8e-cadc30a0756b.jpg","Canada","BA","NHL","UTA",88.8,188,0.8,78,77,80,84,79,76,81,78,76,77,77,77,77,79,77,76,52
"a881a415-4c24-4b60-bd7c-e06d5cc25db5","a881a415-4c24-4b60-bd7c-e06d5cc25db5.jpg","Czechia","BA","NHL","UTA",83.4,188,0.7,77,72,79,83,80,75,80,76,75,76,77,77,79,79,76,76,288
"6da2f6b4-3b68-40c2-bdf0-3c1f802bf05f","6da2f6b4-3b68-40c2-bdf0-3c1f802bf05f.jpg","Canada","BA","NHL","UTA",86.1,191,0.5,75,75,79,82,75,72,72,75,71,76,76,76,76,76,74,76,211
"12d51232-6b67-4743-bebb-a9641c91f89c","12d51232-6b67-4743-bebb-a9641c91f89c.jpg","Finland","BA","NHL","VAN",86.1,188,0.9,79,75,79,84,79,79,83,79,79,79,78,78,80,77,76,78,174
"54c730b5-1210-4d7c-a2ff-de3f0ef5716d","54c730b5-1210-4d7c-a2ff-de3f0ef5716d.jpg","Canada","BA","NHL","WSH",93.8,193,4,83,79,83,85,80,82,81,85,82,85,84,85,84,83,80,84,187
"c33ec2de-c26e-400c-a213-77618b49302d","c33ec2de-c26e-400c-a213-77618b49302d.jpg","Canada","BA","NHL","WPG",86.1,185,0.8,78,78,80,84,76,75,81,76,75,78,78,77,77,76,77,78,90
"ec57d271-8160-4143-942b-356c7988a3bd","ec57d271-8160-4143-942b-356c7988a3bd.jpg","Canada","ALUM","NHLAA","ANA",91.5,185,4,83,79,84,85,80,81,82,83,81,84,80,86,85,85,83,86,139
"b3d9b0a6-19a6-4ff8-8f5f-e95e9f4ba64f","b3d9b0a6-19a6-4ff8-8f5f-e95e9f4ba64f.jpg","Russia","ALUM","NHLAA","ANA",96.5,191,1,80,77,79,82,78,80,80,81,80,82,81,82,80,80,79,79,121
"f67f19c6-c1a2-437e-b0e5-cd0b72f2bbd8","f67f19c6-c1a2-437e-b0e5-cd0b72f2bbd8.jpg","Canada","ALUM","NHLAA","BOS",83.8,180,3,82,79,84,81,80,83,82,79,83,83,82,81,80,82,75,82,103
"139bc3a5-946c-4233-955d-21ba246b359b","139bc3a5-946c-4233-955d-21ba246b359b.jpg","Canada","ALUM","NHLAA","BOS",80.2,173,1,80,75,79,82,77,80,79,79,79,81,82,80,79,82,75,82,13
"9fbbf56a-90c3-4e2c-a927-489caa8f4150","9fbbf56a-90c3-4e2c-a927-489caa8f4150.jpg","Canada","ALUM","NHLAA","BOS",83.8,180,0.8,78,74,77,81,78,77,82,77,77,78,79,78,77,78,77,78,30
"86a04479-687e-4184-a5ba-ca8694ed609d","86a04479-687e-4184-a5ba-ca8694ed609d.jpg","Canada","ALUM","NHLAA","BOS",86.1,183,0.8,78,74,77,82,78,79,81,77,77,77,78,76,76,79,75,78,85
"5ead3945-348a-4a37-9247-47a6fe262dfa","5ead3945-348a-4a37-9247-47a6fe262dfa.jpg","Canada","ALUM","NHLAA","BOS",81.5,185,0.8,78,76,79,81,76,78,82,78,78,78,78,78,78,79,73,78,12
"63251f81-6b8b-4bde-989e-25b1f242a72e","63251f81-6b8b-4bde-989e-25b1f242a72e.jpg","Czechia","ALUM","NHLAA","BUF",75.2,185,5,84,77,86,90,79,84,82,87,79,87,84,83,83,85,88,84,75
"281cc757-45e4-4a6c-9c23-1cc705c4155e","281cc757-45e4-4a6c-9c23-1cc705c4155e.jpg","Canada","ALUM","NHLAA","BUF",74.7,173,1,80,77,80,79,80,82,78,77,82,81,84,80,76,79,76,84,76
"7ad94781-93d8-4dab-b532-ceb535797eef","7ad94781-93d8-4dab-b532-ceb535797eef.jpg","Canada","ALUM","NHLAA","BUF",84.3,188,0.9,79,79,81,81,77,79,83,78,79,78,79,79,77,79,78,79,204
"b6229ebc-576e-49ff-98f9-477e165129bd","b6229ebc-576e-49ff-98f9-477e165129bd.jpg","Canada","ALUM","NHLAA","BUF",79.3,173,0.6,76,72,74,81,78,78,73,75,77,77,77,76,76,76,73,77,244
"94107950-3a5d-4e0a-a367-0739956bbcb0","94107950-3a5d-4e0a-a367-0739956bbcb0.jpg","Canada","ALUM","NHLAA","BUF",83.8,188,0.5,75,75,77,81,78,75,71,72,75,75,77,76,74,76,74,77,67
"e43e7cdd-c21d-4093-a7c9-958525bdf55e","e43e7cdd-c21d-4093-a7c9-958525bdf55e.jpg","Canada","ALUM","NHLAA","CGY",79.3,175,3,82,79,82,86,81,81,82,82,81,83,83,83,82,84,79,84,218
"fd21f899-74fe-4c93-8024-f604103f6725","fd21f899-74fe-4c93-8024-f604103f6725.jpg","Canada","ALUM","NHLAA","CGY",77,180,0.9,79,74,79,82,77,80,79,77,79,79,79,77,77,80,77,79,239
"8e56f2fe-0b78-4417-9536-45d18e2c6704","8e56f2fe-0b78-4417-9536-45d18e2c6704.jpg","Canada","ALUM","NHLAA","CGY",96.5,188,0.8,78,74,76,81,76,79,75,78,79,79,78,77,79,82,73,78,277
"228de88a-19ee-4a16-abba-c0b4cf23ac3d","228de88a-19ee-4a16-abba-c0b4cf23ac3d.jpg","Canada","ALUM","NHLAA","CAR",87.9,185,4,83,80,84,85,80,82,81,84,82,83,83,85,83,84,83,85,35
"08869309-914a-456d-ae1f-35c3e6f3eafe","08869309-914a-456d-ae1f-35c3e6f3eafe.jpg","Canada","ALUM","NHLAA","CAR",97.4,188,0.7,77,71,76,83,78,77,79,78,77,75,78,76,77,79,73,78,175
"4da5bb65-ff58-490f-a0f5-43376cd8be11","4da5bb65-ff58-490f-a0f5-43376cd8be11.jpg","Canada","ALUM","NHLAA","CHI",83.8,180,5,84,84,85,86,84,84,81,80,84,85,86,84,83,86,82,86,275
"bc1e78e9-be7d-4277-8f41-58d524e7aa81","bc1e78e9-be7d-4277-8f41-58d524e7aa81.jpg","Canada","ALUM","NHLAA","CHI",81.5,180,5,84,80,85,87,86,85,82,81,85,85,86,84,83,86,81,86,106
"0c80d334-9d98-4c8a-b074-443a1c2882c8","0c80d334-9d98-4c8a-b074-443a1c2882c8.jpg","Canada","ALUM","NHLAA","CHI",71.1,165,0.5,75,74,77,81,77,75,71,74,75,75,77,74,74,74,75,77,65
"d1109a33-3765-494a-bbfe-dc4e1f765eaf","d1109a33-3765-494a-bbfe-dc4e1f765eaf.jpg","Canada","ALUM","NHLAA","COL",86.1,188,6,85,75,85,89,88,86,86,89,87,85,86,84,85,84,77,88,229
"bd21ec7f-ce3d-486b-90c5-63b377349a25","bd21ec7f-ce3d-486b-90c5-63b377349a25.jpg","Switzerland","ALUM","NHLAA","COL",84.7,185,0.9,79,75,78,80,75,79,77,80,79,81,81,81,80,78,74,80,68
"717f8d83-84de-476f-958f-0c5f1e3b171e","717f8d83-84de-476f-958f-0c5f1e3b171e.jpg","Slovakia","ALUM","NHLAA","COL",88.8,185,0.7,77,75,78,81,76,75,80,77,75,77,77,76,78,76,76,77,233
"ecd8a053-57d8-462b-aa84-6413696e68f3","ecd8a053-57d8-462b-aa84-6413696e68f3.jpg","Canada","ALUM","NHLAA","CBJ",87.4,185,2,81,82,80,83,76,80,81,79,81,81,83,81,82,81,79,83,199
"4f0f18c9-8e00-4069-8e46-0f1af814426b","4f0f18c9-8e00-4069-8e46-0f1af814426b.jpg","Canada","ALUM","NHLAA","CBJ",89.7,185,0.6,76,78,76,79,74,76,74,77,74,78,77,76,78,76,76,77,207
"2770a0e4-461a-4bf2-a8f3-625e1a843344","2770a0e4-461a-4bf2-a8f3-625e1a843344.jpg","Canada","ALUM","NHLAA","DAL",96.9,183,4,83,76,83,85,78,83,82,82,82,86,84,81,84,84,80,84,83
"c2c46dfb-37c1-405f-ab76-c943862f60cc","c2c46dfb-37c1-405f-ab76-c943862f60cc.jpg","Canada","ALUM","NHLAA","DAL",83.4,180,3,82,85,81,86,82,81,80,84,81,84,81,84,83,79,83,81,206
"1b3bedfb-6624-4883-9637-e34e6807ea16","1b3bedfb-6624-4883-9637-e34e6807ea16.jpg","Canada","ALUM","NHLAA","DET",86.1,180,3,82,76,77,83,82,85,81,83,85,84,81,80,81,81,76,81,267
"2a56f620-4434-4ece-95c2-428e09979400","2a56f620-4434-4ece-95c2-428e09979400.jpg","Canada","ALUM","NHLAA","DET",81.5,178,2,81,78,82,82,78,83,82,81,82,81,82,80,80,80,79,82,44
"3ab4fcbe-096d-4c3a-9860-69a4b4269e1e","3ab4fcbe-096d-4c3a-9860-69a4b4269e1e.jpg","Canada","ALUM","NHLAA","EDM",88.3,178,3,82,73,77,81,77,83,82,81,83,82,85,82,81,79,76,85,108
"b1eb7c3b-a297-42a5-9407-9a771c2c2b61","b1eb7c3b-a297-42a5-9407-9a771c2c2b61.jpg","Canada","ALUM","NHLAA","EDM",83.8,180,2,81,81,80,84,80,81,81,80,81,81,81,81,81,81,80,81,25
"287a1a34-7ebd-4e96-b7fc-f572f907f0e5","287a1a34-7ebd-4e96-b7fc-f572f907f0e5.jpg","Canada","ALUM","NHLAA","FLA",98.3,191,5,84,73,83,86,80,83,83,85,83,84,85,88,80,84,81,86,245
"64bf4f59-7043-4196-ab32-389ba9553404","64bf4f59-7043-4196-ab32-389ba9553404.jpg","Latvia","CHEL","NHL","CBJ",86.1,191,2,81,78,84,86,82,80,79,82,79,81,83,81,81,85,80,82,87
"b8a2aded-216b-455c-9cc9-5980faea068d","b8a2aded-216b-455c-9cc9-5980faea068d.jpg","Canada","ALUM","NHLAA","FLA",89.7,188,0.7,77,75,79,82,76,76,81,74,76,77,78,76,76,80,76,78,203
"3568fb7a-8b95-4e13-b1cb-b5bd639c0e4b","3568fb7a-8b95-4e13-b1cb-b5bd639c0e4b.jpg","Canada","ALUM","NHLAA","LAK",72.5,173,2,81,78,80,81,80,83,81,81,83,82,84,79,77,79,76,84,247
"54bd615a-3ed9-4552-8cf2-25e99cf69644","54bd615a-3ed9-4552-8cf2-25e99cf69644.jpg","Canada","ALUM","NHLAA","LAK",86.1,178,0.8,78,75,79,82,79,78,81,78,78,77,78,74,78,79,77,78,171
"8e004d16-c8ff-4908-8e18-5e074a336e6b","8e004d16-c8ff-4908-8e18-5e074a336e6b.jpg","Canada","ALUM","NHLAA","LAK",105.1,191,0.5,75,76,77,79,74,76,71,79,76,75,75,75,74,72,73,75,136
"f6787c17-6fd2-44d4-a15f-00e18bad738c","f6787c17-6fd2-44d4-a15f-00e18bad738c.jpg","Canada","ALUM","NHLAA","MIN",76.6,178,0.7,77,72,75,81,79,77,81,75,77,77,77,75,75,77,73,77,104
"26840e95-d06e-477f-9106-dfd5f15d2591","26840e95-d06e-477f-9106-dfd5f15d2591.jpg","Canada","ALUM","NHLAA","MIN",88.8,185,0.5,75,73,77,78,76,74,71,74,74,75,77,74,72,75,71,77,230
"67664f5f-2a2d-4267-998d-71aa5be50db1","67664f5f-2a2d-4267-998d-71aa5be50db1.jpg","Canada","ALUM","NHLAA","MIN",92.9,193,0.5,75,73,76,78,77,74,71,71,74,75,77,73,75,75,75,77,102
"eba32e7d-84c6-4ab1-8d7f-e1d8ad6f5b3e","eba32e7d-84c6-4ab1-8d7f-e1d8ad6f5b3e.jpg","Finland","ALUM","NHLAA","MIN",87,188,5,84,82,87,89,81,83,83,83,84,85,86,85,85,85,83,85,224
"d3f9020b-4e0c-4101-96a5-e994ac4dcde4","d3f9020b-4e0c-4101-96a5-e994ac4dcde4.jpg","Canada","ALUM","NHLAA","MIN",77,185,3,82,79,81,82,77,82,81,83,82,84,85,83,83,82,79,85,80
"2992ed79-9833-4174-b463-2bde133fed14","2992ed79-9833-4174-b463-2bde133fed14.jpg","Canada","ALUM","NHLAA","MIN",92.9,196,0.5,75,73,73,78,72,75,72,74,75,76,77,75,73,74,74,76,293
"1cf68003-865b-4d39-b56d-c0abad20c3be","1cf68003-865b-4d39-b56d-c0abad20c3be.jpg","Canada","ALUM","NHLAA","MTL",79.3,183,5,84,81,87,88,86,81,82,87,86,84,85,89,80,86,79,84,129
"3b660f26-5a30-41c6-85a3-4eba3ac8fdd1","3b660f26-5a30-41c6-85a3-4eba3ac8fdd1.jpg","Finland","ALUM","NHLAA","NSH",98.3,196,5,84,80,84,84,77,85,84,84,84,84,84,84,84,84,84,84,231
"02a6dd3d-d062-4df9-802f-28616d67cbb9","02a6dd3d-d062-4df9-802f-28616d67cbb9.jpg","Czechia","ALUM","NHLAA","NSH",95.1,185,4,83,78,82,83,76,85,84,84,84,84,83,84,83,83,79,84,273
"a78015ff-9c41-4d4c-808e-f96e9f3352e4","a78015ff-9c41-4d4c-808e-f96e9f3352e4.jpg","Canada","ALUM","NHLAA","NSH",88.3,183,0.8,78,77,78,84,74,76,81,80,76,77,79,77,78,77,76,79,43
"cf24e25f-5f2d-4846-82d3-b2130443ab41","cf24e25f-5f2d-4846-82d3-b2130443ab41.jpg","Canada","ALUM","NHLAA","NJD",99.7,188,6,85,90,85,87,84,85,85,87,85,86,84,87,86,87,81,86,205
"7f0be8d3-42a2-4d7d-ba17-ed8361f22825","7f0be8d3-42a2-4d7d-ba17-ed8361f22825.jpg","Canada","ALUM","NHLAA","NJD",82,173,0.5,75,74,75,79,76,74,71,72,73,75,76,76,77,75,71,76,5
"5a9c3ed4-ebd1-4470-80df-eda8cb768f0f","5a9c3ed4-ebd1-4470-80df-eda8cb768f0f.jpg","Canada","ALUM","NHLAA","NYI",83.8,178,4,83,84,84,84,81,85,83,81,85,83,85,84,81,82,80,84,26
"2f9cdbcc-e664-42b8-b84c-9b90aa036111","2f9cdbcc-e664-42b8-b84c-9b90aa036111.jpg","Canada","ALUM","NHLAA","NYI",74.7,173,1,80,77,80,83,78,82,82,80,80,80,81,79,79,82,78,81,42
"ba2015f3-0691-4a3a-bf74-e132b9d6b6b0","ba2015f3-0691-4a3a-bf74-e132b9d6b6b0.jpg","Sweden","ALUM","NHLAA","NYI",70.2,175,0.5,75,73,76,77,78,74,71,78,74,75,75,77,77,77,73,75,274
"cfa56884-a263-4072-a283-214f02ed8e39","cfa56884-a263-4072-a283-214f02ed8e39.jpg","Sweden","ALUM","NHLAA","NYR",81.5,185,4,83,74,81,84,79,84,81,83,83,83,85,82,84,82,80,85,113
"cb8640e6-28dd-4743-b375-9af5e7d89f5e","cb8640e6-28dd-4743-b375-9af5e7d89f5e.jpg","Canada","ALUM","NHLAA","NYR",81.5,180,0.8,78,74,80,81,82,79,75,77,79,79,78,78,77,79,71,78,84
"2705a3cb-3c64-4d31-b276-fef897d56355","2705a3cb-3c64-4d31-b276-fef897d56355.jpg","Canada","ALUM","NHLAA","NYR",77,173,0.7,77,72,75,82,79,78,81,74,78,77,77,74,74,77,73,77,105
"f5bbebce-6fc0-4512-8991-6c4356d13f74","f5bbebce-6fc0-4512-8991-6c4356d13f74.jpg","Canada","ALUM","NHLAA","NYR",92.9,191,0.6,76,74,73,77,77,77,73,71,77,75,79,75,75,81,75,79,154
"ea5c6011-7d97-4825-87db-7ab84c816c43","ea5c6011-7d97-4825-87db-7ab84c816c43.jpg","Canada","ALUM","NHLAA","NYR",86.1,175,0.6,76,73,72,78,76,78,73,76,78,77,77,76,76,75,74,77,107
"0fc31b87-472f-4e8f-b1dd-0e06052ef086","0fc31b87-472f-4e8f-b1dd-0e06052ef086.jpg","Canada","ALUM","NHLAA","OTT",97.8,188,0.6,76,74,78,81,75,73,79,75,72,76,76,77,76,78,75,76,11
"25fb1c96-0ddd-4814-9f1a-a29465a77e95","25fb1c96-0ddd-4814-9f1a-a29465a77e95.jpg","Canada","ALUM","NHLAA","OTT",77,180,0.5,75,76,78,82,78,74,72,64,74,76,79,77,68,79,79,79,66
"5c97913f-eb0f-4f9e-a4a1-ea311e628f85","5c97913f-eb0f-4f9e-a4a1-ea311e628f85.jpg","Canada","ALUM","NHLAA","PHI",77,178,4,83,80,80,84,84,84,82,83,85,82,85,82,82,84,81,85,24
"050eb8f3-1773-4ff9-99f2-08c28fea01fb","050eb8f3-1773-4ff9-99f2-08c28fea01fb.jpg","Canada","ALUM","NHLAA","PHI",87,191,3,82,81,83,87,83,80,81,82,80,84,83,83,83,84,81,83,248
"242eec84-5765-48ae-ad04-d16fd87da776","242eec84-5765-48ae-ad04-d16fd87da776.jpg","Canada","ALUM","NHLAA","PIT",74.7,178,0.7,77,73,77,81,78,79,81,74,78,77,78,76,75,77,73,78,70
"898f2726-8571-43e7-a749-388aef4dba9c","898f2726-8571-43e7-a749-388aef4dba9c.jpg","Canada","ALUM","NHLAA","PIT",90.6,185,0.7,77,76,77,79,76,77,78,76,77,74,79,76,74,78,71,78,173
"4bccf566-766c-46a2-841d-03b1952b357d","4bccf566-766c-46a2-841d-03b1952b357d.jpg","Sweden","ALUM","NHLAA","PIT",86.1,183,0.6,76,74,76,79,77,77,73,77,76,77,78,74,76,77,78,79,153
"fbd2674e-6043-4ff1-8f0b-11d43a9ff14d","fbd2674e-6043-4ff1-8f0b-11d43a9ff14d.jpg","Russia","ALUM","NHLAA","SJS",90.6,183,3,82,79,81,83,78,82,82,83,81,82,86,82,82,82,82,85,94
"0e8d2bdf-78e2-420f-a627-8e9ddc2a7cf0","0e8d2bdf-78e2-420f-a627-8e9ddc2a7cf0.jpg","Finland","ALUM","NHLAA","SJS",88.3,178,0.7,77,76,77,81,77,75,74,78,75,78,80,76,76,77,76,80,284
"3cb2de2b-cbfc-4d4b-8727-4e3d8979ba1b","3cb2de2b-cbfc-4d4b-8727-4e3d8979ba1b.jpg","Canada","ALUM","NHLAA","STL",86.1,180,1,80,76,82,85,78,81,81,79,79,80,80,80,80,79,70,80,59
"e8d318d7-9486-4307-a516-7cc0dcc2e70a","e8d318d7-9486-4307-a516-7cc0dcc2e70a.jpg","Canada","ALUM","NHLAA","STL",90.6,183,0.6,76,71,79,80,77,75,79,74,72,75,75,76,75,76,79,77,135
"4c11368e-e1d2-47cf-84f6-ff24386fa2b7","4c11368e-e1d2-47cf-84f6-ff24386fa2b7.jpg","Canada","ALUM","NHLAA","TBL",81.5,183,0.5,75,72,75,76,76,75,72,76,75,76,77,75,76,73,73,77,56
"b5267d45-83b2-4d4c-a222-fe7ca1a354fd","b5267d45-83b2-4d4c-a222-fe7ca1a354fd.jpg","Canada","ALUM","NHLAA","TOR",81.5,175,4,83,77,84,82,80,85,84,80,85,85,84,83,81,82,73,84,289
"5366b49b-cbb6-4e67-8d08-7617499169fe","5366b49b-cbb6-4e67-8d08-7617499169fe.jpg","Canada","ALUM","NHLAA","TOR",85.6,180,3,82,80,82,85,84,83,81,80,83,83,85,81,78,80,80,84,158
"213647b3-e918-48fc-959b-1072f54046bf","213647b3-e918-48fc-959b-1072f54046bf.jpg","Canada","ALUM","NHLAA","TOR",88.3,185,0.8,78,63,81,83,77,77,80,78,76,78,79,79,77,81,76,77,95
"cc623057-d29e-4c0b-86d5-3a7f9be96e2d","cc623057-d29e-4c0b-86d5-3a7f9be96e2d.jpg","Canada","ALUM","NHLAA","VAN",82,183,3,82,78,81,84,79,85,82,81,83,83,83,81,81,83,79,83,176
"bbfab0af-f602-4dd9-8dcf-48ced9006d18","bbfab0af-f602-4dd9-8dcf-48ced9006d18.jpg","Canada","ALUM","NHLAA","WPG",81.5,178,0.7,77,74,76,80,76,77,74,77,77,78,79,75,76,75,73,79,29
"78c06545-b72f-4a60-b14c-f04bd7213918","78c06545-b72f-4a60-b14c-f04bd7213918.jpg","Canada","ALUM","NHLAA","STL",83.8,180,0.7,77,72,76,77,76,77,74,78,77,78,78,77,77,74,72,78,243
"18eb9d07-5f34-47aa-9981-15771a9e9e95","18eb9d07-5f34-47aa-9981-15771a9e9e95.jpg","Canada","ALUM","NHLAA","VAN",72.5,170,0.6,76,73,75,79,77,78,80,75,76,76,76,75,75,77,74,76,241
"058ad8ce-fa1c-49cb-8f1e-494a883b6b1d","058ad8ce-fa1c-49cb-8f1e-494a883b6b1d.jpg","Germany","ALUM","NHLAA","WSH",101.5,191,4,83,81,81,86,83,84,84,85,82,84,81,81,85,76,83,81,227
"b47bd014-1a55-4b38-a83e-5fec190f5fb8","b47bd014-1a55-4b38-a83e-5fec190f5fb8.jpg","Canada","ALUM","NHLAA","WSH",92.9,185,0.5,75,74,77,79,78,75,70,72,75,74,77,77,72,74,69,77,249
"f13e2d5d-bed1-4e3a-ac8c-3a446841de97","f13e2d5d-bed1-4e3a-ac8c-3a446841de97.jpg","Canada","ALUM","NHLAA","WSH",77,173,0.5,75,73,75,81,76,74,77,73,74,73,78,74,74,75,72,78,215
"3cb7f1d9-f2fc-4ebe-b6ab-903dd36e637d","3cb7f1d9-f2fc-4ebe-b6ab-903dd36e637d.jpg","Canada","ALUM","NHLAA","WPG",82.4,183,0.5,75,72,78,81,78,75,72,75,75,76,76,74,76,77,73,76,77
"1081be12-f447-41ea-bbb2-fc058129e2ac","1081be12-f447-41ea-bbb2-fc058129e2ac.jpg","Canada","BA","PWHL","MTL",72.9,175,4,83,82,82,88,82,84,82,82,82,84,83,82,84,83,81,81,14
"24d6ceb3-e47b-406c-b361-65395cdecd55","24d6ceb3-e47b-406c-b361-65395cdecd55.jpg","Canada","BA","PWHL","NY",58.9,173,0.9,79,82,78,83,79,80,77,79,78,79,79,80,79,78,79,82,170
"92ba6d7a-8464-4f5e-9ede-d4501f5278df","92ba6d7a-8464-4f5e-9ede-d4501f5278df.jpg","Canada","BA","PWHL","OTT",63.4,183,1,80,79,77,83,79,79,80,77,81,80,79,81,80,79,79,81,186
"5d1af9cf-c1cf-4e0c-bc3a-4ab4967d3993","5d1af9cf-c1cf-4e0c-bc3a-4ab4967d3993.jpg","Canada","BA","PWHL","TOR",59.8,170,1,80,79,79,84,80,81,80,80,79,81,80,80,79,81,78,79,86
"fed0af78-cd60-4413-8349-63cca1e9aa8a","fed0af78-cd60-4413-8349-63cca1e9aa8a.jpg","Canada","BA","PWHL","TOR",65.7,173,2,81,79,83,86,80,82,79,78,81,80,81,80,83,82,82,83,238
"155390d4-6ba3-46e7-8d5a-df1062797060","155390d4-6ba3-46e7-8d5a-df1062797060.jpg","Canada","BA","EA","SEA",71.1,180,2,81,81,81,86,80,81,81,81,81,81,82,81,80,82,80,81,57
"ce1606cf-9df1-4a45-9926-583fabb1d95f","ce1606cf-9df1-4a45-9926-583fabb1d95f.jpg","Canada","BA","EA","SEA",70.2,165,1,80,81,81,84,81,78,80,79,80,79,81,80,80,79,81,80,38
"01852312-3ede-47af-a493-6e8f6f0229a1","01852312-3ede-47af-a493-6e8f6f0229a1.jpg","Canada","BA","EA","VAN",63.9,168,2,81,77,81,84,78,81,82,77,80,82,81,80,83,80,81,83,88
"99b2174f-6369-4aa8-b597-775ff2bd798d","99b2174f-6369-4aa8-b597-775ff2bd798d.jpg","Canada","BA","PWHL","VAN",79.7,178,2,81,80,81,85,78,80,82,82,81,79,82,82,79,82,80,82,177
"63788e03-dc46-4555-abdf-b7821d4d84d6","63788e03-dc46-4555-abdf-b7821d4d84d6.jpg","Canada","CHEL","NHLAA","CAR",97.4,188,0.9,79,73,78,85,80,79,81,80,79,77,80,78,79,81,75,80,175
"7050423c-6240-4227-bda0-173a26074192","7050423c-6240-4227-bda0-173a26074192.jpg","Czechia","TRAN","NHL","MTL",97.4,193,3,82,81,79,86,76,82,79,83,82,83,82,83,84,79,80,83,133
"5e5b87ca-15b6-4527-94cd-5ad02915a81f","5e5b87ca-15b6-4527-94cd-5ad02915a81f.jpg","Russia","TRAN","NHL","CBJ",96.9,201,1,80,77,80,84,78,80,82,78,80,78,79,80,80,86,77,80,124
"854868a0-6dba-4b54-b252-7e09bb67deb6","854868a0-6dba-4b54-b252-7e09bb67deb6.jpg","Russia","CMG","NHL","NYR",88.3,185,6,85,76,85,88,84,83,85,86,83,85,86,85,85,85,81,86,120
"be448130-e0c6-444a-ac16-1f1103f3031a","be448130-e0c6-444a-ac16-1f1103f3031a.jpg","Sweden","CMG","NHL","OTT",97.4,193,6,85,80,84,86,82,84,85,86,84,86,86,86,86,86,81,86,185
"0420bfec-2848-4d3a-81db-e122746e81bc","0420bfec-2848-4d3a-81db-e122746e81bc.jpg","Canada","CMG","NHL","CBJ",83.4,183,2,81,81,81,87,79,79,83,80,78,81,82,80,81,80,79,82,144
"d51853ba-345e-42bb-9d0d-496754a124eb","d51853ba-345e-42bb-9d0d-496754a124eb.jpg","Russia","MARQ","NHL","TBL",103.3,193,6,85,75,84,88,83,84,85,86,84,85,86,85,84,84,77,86,10
"74ea020a-c01b-448b-8204-17cc650bb3ba","74ea020a-c01b-448b-8204-17cc650bb3ba.jpg","Canada","MARQ","NHL","MTL",98.8,191,4,83,81,85,88,82,82,83,83,82,83,82,82,85,84,81,81,255
"ac9891ba-443e-4cad-aeee-19d099d5a03e","ac9891ba-443e-4cad-aeee-19d099d5a03e.jpg","Russia","BA","AHL","CGY",88.3,196,0.7,77,75,79,83,78,75,80,78,75,78,77,77,78,78,76,75,125
"d10ae5ab-76fd-4a81-ae8c-901338d433be","d10ae5ab-76fd-4a81-ae8c-901338d433be.jpg","Russia","BA","AHL","CHI",91.1,198,0.6,76,73,74,80,77,78,80,74,77,75,76,74,76,78,76,78,250
"1b86ee77-c30e-4f3e-a345-3f25315f92fc","1b86ee77-c30e-4f3e-a345-3f25315f92fc.jpg","Canada","BA","AHL","COL",83.8,185,0.6,76,77,82,84,79,74,73,76,71,75,76,76,79,77,77,75,276
"dcae287b-7796-4e94-bdcc-ecec2c7a7087","dcae287b-7796-4e94-bdcc-ecec2c7a7087.jpg","Sweden","BA","AHL","TOR",101.5,201,0.8,78,78,79,84,77,77,82,78,76,78,79,77,77,80,79,77,71
"2af3682c-6e34-4b3d-8bcd-55f653531a4c","2af3682c-6e34-4b3d-8bcd-55f653531a4c.jpg","Russia","BA","AHL","TOR",77,188,0.7,77,77,81,85,72,77,74,78,75,77,77,73,75,73,73,75,17
"ba6a8f4a-1bb8-46b9-9d19-48fd82677333","ba6a8f4a-1bb8-46b9-9d19-48fd82677333.jpg","Canada","BA","AHL","TOR",95.1,196,0.6,76,76,79,83,77,73,73,76,73,77,77,77,76,77,76,77,172
"242449d6-dbe0-4449-beba-d7dea083b262","242449d6-dbe0-4449-beba-d7dea083b262.jpg","Russia","TRAN","NHL","BUF",80.6,185,1,80,79,84,88,84,78,82,78,78,78,78,80,81,84,80,78,9
"4b374cbc-ea6c-49ec-b3df-689c8566eaba","4b374cbc-ea6c-49ec-b3df-689c8566eaba.jpg","Canada","TRAN","NHL","EDM",88.8,188,4,83,82,85,89,84,81,86,83,81,82,82,82,82,84,82,81,52
"e8966cbd-1966-49aa-b6ba-b8ed0b7a10c6","e8966cbd-1966-49aa-b6ba-b8ed0b7a10c6.jpg","Russia","MARQ","NHL","FLA",81.5,188,5,84,79,86,89,83,82,82,86,83,85,86,84,84,86,84,84,260
"253e5f2b-6d2e-4bd5-b4a2-273e8ef15307","253e5f2b-6d2e-4bd5-b4a2-273e8ef15307.jpg","Canada","MARQ","NHL","DET",90.6,193,3,82,79,81,85,80,83,84,83,83,83,82,83,83,80,79,83,34
"37e4ad94-dc04-4ef3-8e34-4165f99fcec1","37e4ad94-dc04-4ef3-8e34-4165f99fcec1.jpg","Russia","CHEL","NHL","SJS",80.6,191,3,82,76,82,88,79,81,82,81,81,83,82,82,82,80,76,82,292
"b8284efc-ce4d-49d1-a56b-2e05e911c43d","b8284efc-ce4d-49d1-a56b-2e05e911c43d.jpg","Russia","BA","NHL","BUF",80.6,185,0.7,77,76,81,85,81,75,79,75,75,75,75,77,78,81,77,75,9
"869f55fd-d518-4a9a-9903-6fea4a9af6d5","869f55fd-d518-4a9a-9903-6fea4a9af6d5.jpg","Finland","BA","NHL","BUF",101,196,0.9,79,74,82,86,80,77,83,78,77,78,81,78,78,79,76,78,282
"95d8202e-3b98-48e7-b0c9-289fda68a7dd","95d8202e-3b98-48e7-b0c9-289fda68a7dd.jpg","Canada","MARQ","NHL","COL",101.9,193,4,83,81,83,86,79,84,81,83,84,85,83,83,83,81,80,82,193
"1b7285b5-21c5-416e-8b25-1bbd23cbdbc0","1b7285b5-21c5-416e-8b25-1bbd23cbdbc0.jpg","Sweden","TRAN","NHL","MIN",83.4,188,6,85,76,85,88,82,85,83,87,86,87,85,86,87,84,81,84,97
"20297c2b-7911-439a-8545-153416dd31ba","20297c2b-7911-439a-8545-153416dd31ba.jpg","Canada","FACE","NHL","PIT",88.3,188,5,84,83,85,88,85,82,87,83,82,83,83,83,83,86,83,83,278
"a0e689bc-538b-4220-a55d-efd68a6a8391","a0e689bc-538b-4220-a55d-efd68a6a8391.jpg","Denmark","FACE","NHL","CAR",103.7,193,5,84,75,83,87,83,84,83,85,84,85,86,85,84,84,80,86,99
"33e34eb5-f4dd-499c-ae75-cbe44a22100a","33e34eb5-f4dd-499c-ae75-cbe44a22100a.jpg","Canada","BEM","NHLAA","BUF",83.8,188,1,80,80,82,86,83,80,76,77,80,80,82,81,79,81,79,82,67
"1d3baa6c-4002-4975-9b09-f2c992e02007","1d3baa6c-4002-4975-9b09-f2c992e02007.jpg","Canada","BEM","NHLAA","WSH",77,173,1,80,78,80,86,81,79,82,78,79,78,83,79,79,80,77,83,215
"0ec4a4e7-e42a-4986-ba64-4b81caab0b56","0ec4a4e7-e42a-4986-ba64-4b81caab0b56.jpg","Canada","BEM","NHLAA","NYR",77,173,1,80,75,78,85,82,81,84,77,81,80,80,77,77,80,76,80,105
"ecf356e2-9977-4d90-9c9c-ee64ee917292","ecf356e2-9977-4d90-9c9c-ee64ee917292.jpg","Germany","BEM","NHL","SEA",85.2,185,4,83,80,85,89,84,82,86,83,82,83,82,82,83,86,81,81,236
"8413010b-63e8-4b8c-b209-a7c32d6c514d","8413010b-63e8-4b8c-b209-a7c32d6c514d.jpg","Sweden","TRAN","NHL","NJD",93.8,198,7,86,80,85,89,86,84,84,87,86,87,86,88,87,87,81,87,128
"274a6768-a86d-4b71-9115-5c0e476a5c03","274a6768-a86d-4b71-9115-5c0e476a5c03.jpg","Canada","BEM","NHL","VAN",92.9,193,1,80,78,81,83,82,79,76,76,79,80,82,78,80,80,80,82,102
"1c98529e-59ac-4dd2-a7c4-56e0d553d8b9","1c98529e-59ac-4dd2-a7c4-56e0d553d8b9.jpg","Canada","BEM","NHLAA","NYR",86.1,175,1,80,77,76,82,80,82,77,80,82,81,81,80,80,79,78,81,107
"93da27f8-97a1-4b2a-8df6-9d2b6d120a03","93da27f8-97a1-4b2a-8df6-9d2b6d120a03.jpg","Canada","BEM","NHL","EDM",97.4,193,4,83,82,85,87,85,82,83,84,81,84,83,83,85,87,83,83,264
"29872950-452f-4136-a244-7d86c4e357b7","29872950-452f-4136-a244-7d86c4e357b7.jpg","Canada","TRAN","NHL","COL",91.1,188,6,85,82,87,91,84,83,88,84,83,84,84,84,84,84,84,84,256
"788e4505-35db-4393-bbfc-d9fda6411151","788e4505-35db-4393-bbfc-d9fda6411151.jpg","Canada","CHEL","NHL","DET",81.5,178,5,84,81,85,85,81,86,85,84,85,84,85,83,83,83,82,85,44
"83b70cbc-0751-417e-8bf9-84381be12dac","83b70cbc-0751-417e-8bf9-84381be12dac.jpg","Sweden","CMG","NHL","LAK",89.7,191,6,85,80,88,92,77,84,88,84,84,84,85,84,84,87,84,85,16
"be0b7890-2a34-475c-83d1-6dee101676b8","be0b7890-2a34-475c-83d1-6dee101676b8.jpg","Russia","CMG","NHL","PIT",77.9,188,6,85,86,84,89,85,86,88,85,87,84,85,86,87,86,83,82,261
"25934df0-c473-40f7-8567-f882ab23cdcb","25934df0-c473-40f7-8567-f882ab23cdcb.jpg","Czechia","CMG","NHL","NYI",90.6,191,6,85,84,87,91,76,82,88,85,82,85,86,85,85,85,84,85,69
"663cc93d-875e-46d1-ad28-027be7bdc1d0","663cc93d-875e-46d1-ad28-027be7bdc1d0.jpg","Russia","CMG","NHL","NYI",85.6,191,8,87,76,88,92,79,84,85,89,84,87,88,89,87,86,76,88,122
"cfff3ff2-e0bf-4f21-8f1b-3dd5a177cec2","cfff3ff2-e0bf-4f21-8f1b-3dd5a177cec2.jpg","Canada","CMG","NHL","COL",101.9,193,7,86,84,86,89,70,87,84,86,87,88,86,86,86,84,83,85,193
"1df4d07c-cf09-41f0-b5ea-b57d12e1b8c2","1df4d07c-cf09-41f0-b5ea-b57d12e1b8c2.jpg","Canada","CHEL","NHLAA","CHI",96.9,183,6,85,78,85,87,80,85,84,84,84,88,86,83,86,86,82,86,83
"f94fa38a-6fc1-45be-acfb-654b8c479d4b","f94fa38a-6fc1-45be-acfb-654b8c479d4b.jpg","Canada","CHEL","NHLAA","CHI",83.8,180,6,85,85,86,87,85,85,82,81,85,86,87,85,84,87,83,87,275
"b53e6083-afe9-464b-81f6-cad779f54332","b53e6083-afe9-464b-81f6-cad779f54332.jpg","Czechia","FI","NHL","PHI",94.7,196,9,88,82,88,93,77,87,91,87,86,88,88,87,89,89,86,88,61
"bbd321d6-1e81-454b-a783-5078a2935f03","bbd321d6-1e81-454b-a783-5078a2935f03.jpg","Russia","GB","NHL","SJS",81.5,191,6,85,79,85,91,78,84,85,84,84,86,85,85,85,83,79,85,292
